Accuracy,Precision,Recall,F1-score
0.8450137080191912,0.8391613342568565,0.8450137080191912,0.8362235116198822
